sentiment,texte
ham, Hantsoiko ianao any aoriana any
ham, Azontsika atao ve ny mamerina ny fandaharam-potoanantsika rahampitso?
ham, Tratry ny tsingerintaona nahaterahana! Manantena aho fa hanana andro mahafinaritra ianao!
ham, Handeha hody aho izao
ham, Alefaso amiko ny tatitra alohan'ny faran'ny andro
ham, Andao hiara-misakafo atoandro amin’ny herinandro ambony
ham, Aza adino ny maka ny entana
ham, Manao ahoana ny andronao?
ham, Ho eo aho afaka  minitra
ham, Misaotra amin'ny fanavaozana
ham, Ao amin'ny birao aho Antsoy aho rehefa afaka ianao
ham, Mbola misakafo hariva ve isika izao?
ham, Afaka manampy ahy amin'ity tetikasa ity ve ianao?
ham, Azoko ny hafatrao Andeha hodinihintsika any aoriana
ham, Efa nahita ny fizarana farany amin'ny fampisehoana ve ianao?
ham, Hivoaka ny tanàna aho amin'ity faran'ny herinandro ity
ham, Ampahafantaro ahy raha mila zavatra hafa ianao
ham, Ahoana raha mihaona amin'ny  ora tolakandro isika?
ham, Amin'ny firy ianao no tonga any amin'ny seranam-piaramanidina?
ham, Ho entiko eo amin'ny biraonao ny antontan-taratasy
ham, Tena nahafinaritra ny nihaona taminao!
ham, Afaka mandefa mailaka amiko ve ny antsipiriany?
ham, Nahemotra amin’ny herinandro ho avy ny fivoriana
ham, Vitako ny asa nanendrenao ahy
ham, Hanatevin-daharana ny antso aho afaka  minitra
ham, Misaotra noho ny fanampianao androany
ham, Andeha isika handeha an-tongotra anio hariva
ham, Afaka miresaka haingana ve ianao?
ham, Tsy andriko ny dianay
ham, Halefako aminao ny rakitra raha vao tonga any an-trano aho
ham, Manomboka amin'ny  ora hariva ny hetsika
ham, Ho any amin'ny gym aho rehefa avy miasa
ham, Afaka manamarina ny fanendrena ve ianao?
ham, Miasa amin'ny famelabelarana aho
ham, Inona no drafitrao amin'ny faran'ny herinandro?
ham, Ho alaiko ianao amin'ny  ora hariva
ham, Misaotra anao tamin'ny fanasana!
ham, Noraisiko ny hafatrao
ham, Andeha isika hiresaka momba izany amin'ny kafe
ham, Mihatsara kokoa aho androany
ham, Tonga amin'ny fety ve ianao anio alina?
ham, hampahafantatra anao aho rehefa tonga aho
ham,Tsara ny andro anio!
ham, Afaka miantso ahy indray ve ianao any aoriana any?
ham,Vitako ny namaky ilay boky natoronao
ham,​​Tara aho fa ho avy tsy ho ela
ham, Tokony ho tratra isika indraindray
ham, Ao amin'ny trano fisakafoanana aho Aiza ianao?
ham, Ampahafantaro ahy raha mila fanovana ianao
ham, Hiresaka aminao aho any aoriana any
ham,Hey mijery fotsiny hoe manao ahoana ianao
ham,Aza adino ny fihaonantsika rahampitso amin'ny  ora maraina
ham,Afaka mijery ny antontan-taratasy mipetaka ve ianao ary manome valiny?
ham,Rahampitso sakafo atoandro? Ampahafantaro ahy raha afaka ianao
ham,Mba tadiavo ny tatitra mipetaka araka ny fangatahana
ham,Miandrandra ny antsontsika amin'ity tolakandro ity
ham,Misaotra noho ny valiny haingana nataonao
ham,Indro ny fampahalalana nangatahinao
ham,Afaka mamerina ny fandaharam-potoanantsika amin'ny herinandro ho avy ve isika?
ham,Ampahafantaro ahy raha manana fanontaniana ianao
ham,Misaotra amin'ny fanavaozana Ankasitrahako izany
ham,Hivoaka ny birao aho amin'ny herinandro ho avy
ham,Azafady hamafiso ny fahafahanao amin'ny fivoriana
ham,Andao hisotro kafe indray mandeha
ham,Hiverina aminao haingana aho
ham,Manantena aho fa nanana faran'ny herinandro mahafinaritra ianao!
ham,Mba jereo ny antsipiriany etsy ambany
ham,Afaka mandefa ahy ny dikan-teny farany amin'ny antontan-taratasy ve ianao?
ham,Misaotra noho ny fanampianao tamin'ity
ham,Hizaha izany aho ary hiverina aminao
ham,Nahafinaritra ny fihaonana taminao omaly
ham,Andao hikasika toby Rahampitso maraina
ham,Indro misy fanavaozana haingana momba ny tetikasa
ham,Fampahatsiahivana am-pirahalahiana momba ny fe-potoana
ham,Manantena ny famelabelaranao
ham,Misaotra anao amin'ny fiaraha-miasa
ham,Afaka miresaka an'izany amin'ny antso ve isika?
ham,Nataoko ny dikan-teny farany amin'ny tatitra
ham,Ampahafantaro ahy ny hevitrao
ham,Avereno azafady ny mipetaka ary omeo ny hevitrao
ham,Ho ao amin'ny birao aho mandra-pahatongan'ny  ora hariva
ham,Ampahafantaro ahy raha mila zavatra hafa ianao
ham,Miandrandra ny valin-teninao
ham,Afaka manazava ny fepetra takiana ve ianao?
ham,Ity ny rohy mankany amin'ny antontan-taratasy
ham,Misaotra noho ny fitazonana ahy amin'ny tadio
ham,Handefa anao tsy ho ela ny rakitra nohavaozina aho
ham,Mba tadiavo ny fitanana an-tsoratry ny fivoriana ampiarahina
ham,Hanaraka anao amin'ny herinandro ambony aho
ham,Afaka manosika ny fe-potoana ho amin'ny zoma ve isika?
ham,Nandinika an'i John aho noho ny fandraisany anjara
ham,Mba ampahafantaro ahy raha manana ahiahy ianao
ham,Mankasitraka ny fahatakaranao aho
ham,Andao hifandrindra amin'ny dingana manaraka
ham,Nizara ny antontan-taratasy tamin'ny ekipa aho
ham,Ity ny fandaharam-potoanan'ny fivoriana Rahampitso
ham,Misaotra noho ny faharetanao
ham,Handefa fanasana kalandrie ho anao aho
ham,Andao hamarana ny antsipiriany amin'ny faran'ny andro
ham,Avereno jerena ary ankatoavy ny attaché
ham,Napetrako ny naoty momba ny fivoriana ho dinihinao
ham,Afaka manamarina ny datin'ny fandefasana ny baiko ve ianao?
ham,Handeha vakansy aho amin'ny herinandro ho avy fa azo tratrarina amin'ny mailaka
ham,Alefaso amiko ny fandaharam-potoana nohavaozina
ham,Misaotra noho ny famerenana haingana ny tatitra
ham,Afaka mandamina antso ve isika hiresaka momba ireo fepetra vaovao?
ham,Voalohany fotsiny nanao fanovana vitsivitsy tamin'ny antontan-taratasy aho
ham,Miandrandra ny fihaonantsika anio
ham,Mba tadiavo ilay fifanarahana nohavaozina mipetaka
ham,Nizara ny famelabelarana tamin'ny ekipa aho mba hahazoana valiny
ham,Afaka manome antsipiriany bebe kokoa momba ny hetsika ho avy ve ianao?
ham,Misaotra anareo tamin'ny fiaraha-miasa tamin'ity tetikasa ity
ham,Nohavaoziko ny rakitra araka ny hevitrao
ham,Andeha isika hametra fotoana hiresahana ny dingana manaraka
ham,Manamafy ny fihaonantsika amin'ny  ora tolakandro aho Rahampitso
ham,Azonao atao ve ny manamarina ny tarehimarika ao amin'ny tatitra?
ham,Avereno azafady ny soso-kevitra ampiarahina amin'ny fotoana mety aminao
ham,Misaotra anao tamin'ny fanazavana amin'ny antsipiriany
ham,Ampahafantaro ahy raha manana fanontaniana fanampiny ianao
ham,Hanaraka anao aho aorian'ny fivoriana
ham,Mba tadiavo azafady ny faktiora mipetaka ho an'ny rakitrao
ham,Ho afaka aho anio aorian'ny  ora tolakandro
ham,Afaka mandefa ahy ny dikan-teny farany amin'ny antontan-taratasy ve ianao?
ham,Miandrandra ny fiaraha-miasa amin’ity tetikasa ity
ham,Mba ampahafantaro ahy raha mila zavatra hafa ianao
ham,Nampiditra an'i John tao amin'ny loop aho noho ny fandraisany anjara
ham,Afaka hikasika ny base ve isika amin'ny faran'ity herinandro ity?
ham,Ity ny antontan-taratasy nangatahinao
ham,Misaotra noho ny fotoananao sy ny fiheveranao
ham,Azafady tadiavo ny minitra napetaka tamin'ny fivoriana omaly
ham,Hizaha ny tatitra aho anio
ham,Ampahafantaro ahy raha afaka miantso haingana ianao
ham,Ankasitrahako ny valinteninao haingana
ham,Hizara ny valiny aminao aho rehefa vita izany
ham,Afaka manamarina ny fisianao ve ianao amin'ny herinandro ho avy?
ham,Misaotra anao amin'ny fanavaozana ankasitrahana indrindra
ham,Nataoko ny drafitry ny famerenanao
ham,Azafady hamafiso ny fandraisana ity mailaka ity
ham,Azonao atao ve ny manazava ireo teboka voalaza ao amin'ny antontan-taratasy?
ham,Tsy andriko ny handre ny hevitrao
ham,Handefa tsy ho ela ny fanasana aho
ham,Mba ampahafantaro ahy raha mila fanovana ianao
ham,Hitazona anao hatrany aho amin'ny fandrosoana rehetra
ham,Misaotra anao amin'ny fanohananao tsy tapaka
ham,Afaka alefanao amiko ve ny rohy mankany amin'ny rakitra?
ham,Hanao ny fanitsiana ilaina aho
ham,Avereno azafady ny mipetaka ary ampahafantaro ahy
ham,Miandrandra ny fihaonana rahampitso
ham,Nanova ny kalandrie aho tamin'ny fandaharam-potoana vaovao
spam,Mba tadiavo azafady ny attaché ho fanondroanao
spam,Manaova hetsika izao! Tolotra fe-potoana voafetra!
spam,Voafantina hahazo karatra fanomezana $ ianao
spam, Angataho ny fialan-tsasatrao maimaim-poana anio!
spam, Tsindrio eto raha hitaky ny lokanao!
spam, Mahazoa % amin'ny fividiananao manaraka!
spam, Voakitika ny kaontinao Kitiho mba hiarovana azy
spam, Ity no fahafahanao farany hamonjy!
spam,Fifanarahana manokana ho anao!
spam,Nahazo loteria $ ianao! Mitaky izao
spam, Fitsapana maimaim-poana! Tsy mila carte de crédit!
spam, Maika: Mila fanamarinana ny kaontinao
spam, Mahazoa harena haingana amin'ity fika tsotra ity!
spam, Misy tahiry voafetra Hividy izao!
spam, Ampitomboy avo roa heny ny vola azonao ao anatin'ny herinandro!
spam, Zava-dehibe: Havaozy ny fampahalalana momba ny faktiora
spam, Manana valisoa tsy voaloa ianao miandry!
spam, Manomboha ny orinasanao manokana amin'ny fampiasam-bola aotra
spam, Miandry anao ny fonosanao hamafiso izao
spam, Afaka mahazo fampindramam-bola manokana ianao Ampiharo anio
spam, antoka % afa-po na miverina ny volanao!
spam, Ilaina ny fandraisana andraikitra avy hatrany! Tsindrio eto raha hanamboatra izany
spam, Efa ho tapitra ny famandrihanao Havaozy izao
spam, Mahazoa karatra fanomezana entam-barotra $ Ampiharo izao!
spam,Manana mpanaraka vaovao ianao Jereo hoe iza io!
spam,Nahazo $ ny mailakao! Mifandraisa aminay mba hitaky
spam, Mahazoa $ isan'andro avy ao an-trano!
spam, Ny fahafahana farany hanatevin-daharana ny klioba VIP!
spam, Efa nekena mialoha ho an'ny fampindramam-bola ianao Ampiharo izao!
spam, Tandindomin-doza ny kaontinao amin'ny banky! hamarino izao
spam, Sokafy ny kaontinao amin'ny fipihana eto
spam, Voafantina ho amin'ny fitsangantsanganana maimaim-poana ianao!
spam, Mitahiry hatramin'ny % amin'ny marika ankafizinao!
spam, Nitombo ny isa nomenao! Jereo izao
spam, Zava-dehibe: Avereno avy hatrany ny tenimiafinao
spam, Mahazoa santionany maimaim-poana amin'ny vokatray anio!
spam, Ianao no mpandresy tsara vintana! Tsindrio raha hitaky
spam, Nekena ny fangatahana fampindramam-bola anao
spam, Tolotra voafetra amin'ny fiantohana ara-pahasalamana!
spam, Mandresy be amin'ny casino an-tserasera!
spam, Nahazo hafatra vaovao ianao Tsindrio raha hamaky
spam, Aza adino ity tolotra manokana ity!
spam, Nalefa ny baikonao Araho eto
spam, Mahazoa vola fanampiny amin'ny fotoana malalaka!
spam, Nomena vatsim-pianarana ianao Ampiharo izao!
spam, ​​Fampandrenesana farany: Hikatona ny kaontinao
spam, Mahazoa fijanonana hotely maimaim-poana! Mamandrika izao
spam, hamafiso ny mailakao handraisanao ny fanomezanao
spam, Manana hafatra vaovao miandry anao ianao
spam, Arahabaina! Voafantina ho amin'ny tolotra manokana ianao
spam,Arahabaina! Nahazo karatra fanomezana $ ianao Angataho izao!
spam,Maika: Voakitika ny kaontinao kitiho eto mba hiarovana azy
spam,Mahazoa harena haingana! Mampiasa vola amin'ity fahafahana mahagaga ity
spam,Tolotra fotoana voafetra: Mividiana iray mahazo iray maimaim-poana!
spam,Fifanarahana manokana ho anao fotsiny kitiho mba hanambara!
spam,Nofantenana hahazo iPhone maimaim-poana ianao!
spam,Miasa ao an-trano ary mahazo vola an'arivony isan'andro!
spam,Tsy fisolokiana izany angataho izao ny lokanao!
spam,Manaova haingana! Efa ho tapitra ny famandrihanao
spam,Aza adino ity tolotra indray mandeha ity!
spam,Ny tahan'ny fampindramam-bola ambany indrindra azo alaina ampiharo izao!
spam,Efa nankatoavina mialoha ny fampindramam-bola anao tsindrio ny fitakiana
spam,Mihaona amin'ireo mpitovo ao amin'ny faritra misy anao misoratra anarana maimaim-poana!
spam,Mihena  kilao ao anatin'ny herinandro miaraka amin'ity sakafo miafina ity
spam,Miandry ny fandoavanao hamarino ny mombamomba anao
spam,Mahazoa valisoa amin'ny famitana ity fanadihadiana haingana ity
spam,Manana fonosana miandry anao ianao angataho izao
spam,Mahazoa fihenam-bidy % amin'ny vokatra rehetra fotoana voafetra ihany!
spam,Vacation gratuit ho an'ny roa! Mangataha dieny izao ny tapakilanao
spam,Esory haingana ny trosanao amin'ity tetika tsotra ity
spam,Nofantenana kisendrasendra hahazo loka ianao!
spam,Mamaha ny endri-javatra premium maimaim-poana tsindrio eto
spam,Fampandrenesana farany: haato ny kaontinao
spam,Arahabaina nahazo sambo maimaim-poana ianao!
spam,Angataho ny fitsapana maimaim-poana anao amin'ny serivisy premium
spam,Tahomby ny fandoavanao jereo eto ny tapakila
spam,Fampandrenesana: Tandindomin-doza ny kaontinao manaova hetsika dieny izao
spam,Mahazoa karatra fanomezana $ raha misoratra anarana fotsiny!
spam,Vola maimaim-poana! Tsindrio eto raha hitaky ny lokanao
spam,Manana valisoa tsy voatanisa miandry ianao aza adino
spam,Fampiroboroboana manokana: Vidio izao ary mitahiry be!
spam,Ianao no mpandresy amin'ny loteria $!
spam,Faingana! Efa ho tapitra ny lokanao
spam,Aza adino ity fihenam-bidy voafetra ity kitiho eto
spam,Mahazoa fampindramam-bola manokana tsy misy fanamarinana trosa
spam,Nohavaozina ny isa nomenao jereo izao
spam,Mahazoa karama hanaovana fanadihadiana an-tserasera misoratra anarana anio!
spam,Mitahiry % amin'ny fividiananao manaraka tolotra voafetra!
spam,Angataho ny karatra fanomezanao maimaim-poana tsy ilaina ny mividy
spam,Mahazoa vola haingana amin'ity fomba tsotra ity!
spam,Fifanarahana manokana ho anao manaova dieny izao dieny mbola tsy tara!
spam,Efa nankatoavina mialoha momba ny carte de crédit ianao mangataha dieny izao
spam,Mahazoa vola avy hatrany amin'ny tolotra fampindramam-bola amin'ny andro karama
spam,Nijirika ny kaontinao mailaka avereno ny tenimiafinao
spam,Angataho ny fijanonanao amin'ny hotely maimaim-poana voafetra ny fahafahana
spam,Nahazo fangatahana namana vaovao ianao jereo izao
spam,Bonus manokana ho anao fotsiny kitiho ny fitakiana
spam,Mendrika hahazo fanavaozana maimaimpoana ianao kitiho eto
spam,Vidio izao aloavy any aoriana miaraka amin'ny tolotra manokana
spam,Efa nasiana marika ny kaontinao hamarino ny mombamomba anao
spam,Efa nankatoavina mialoha ny fampindramam-bola fiara ianao tsy ilaina ny fanamarinana trosa
spam,Mihetsika izao! Seza voafetra azo atao amin'ity webinar manokana ity
spam,Mahazoa $ isan'andro amin'ity fika tsotra an-tserasera ity!
spam,Nahemotra ny baikonao Amazon kitiho eto raha mila antsipiriany
spam,Mangataka Bitcoin maimaim-poana izao hifarana tsy ho ela ny tolotra!
spam,Zava-dehibe: Havaozy ny fampahalalana momba ny faktiora mba hisorohana ny fahatapahana amin'ny serivisy
spam,Arahabaina! Afaka mahazo fihenam-bidy % amin'ny serivisyy ianao
spam,Nahazo valisoa vola ianao angataho anio!
spam,Mahazoa fifampidinihana maimaim-poana miaraka amin'ireo manam-pahaizana momba ny vola
spam,Ampitomboy eo noho eo ny naotin'ny bola misoratra anarana izao!
spam,Nahazo crédit $ ny kaontinao tsindrio raha hanamarina
spam,Ataovy ao anatin'ny  andro ny vatanao nofinofy miaraka amin'ity formula miafina ity!
spam,Nofidina ho amin'ny fampiroboroboana manokana ianao manaova haingana!
spam,Tena tsara loatra ity fahafahana mampiasa vola ity!
spam,Efa ho tapitra ny famandrihanao havaozy izao
spam,Nahazo vakansy lafo vidy ianao angataho ny tapakilanao!
spam,Arovy ny solosainao amin'ny rindrambaiko antivirus maimaim-poana
spam,Fomba farany ahafahana mitahiry vola be amin'ny vokatra vitantsika!
spam,Iray dingana fotsiny ianao vao mahazo fiara vaovao!
spam,Arahabaina! Nahazo fivarotana maimaim-poana herintaona ianao
spam,Mahazoa fitsapana maimaim-poana amin'ny programa fampihenana lanja anio!
spam,Nofantenana handray tolotra manokana ianao!
spam,Tolotra manokana: Mividiana iray mahazo telo maimaim-poana!
spam,Nahazo hafatra azo antoka ianao jereo izao
spam,Raiso ny fitantanam-bola miaraka amin'ny torohevitry ny manampahaizanay
spam,Tolotra manokana: fihenam-bidy % amin'ny fitaovana elektronika rehetra!
spam,Mihetsika izao ary mahazo fanomezana bonus!
spam,Nihidy ny kaontinao kitiho raha te hamaha
spam,Mahazoa fidirana maimaim-poana amin'ny atiny premium!
spam,Mitahiry hatramin'ny % amin'ny fiantohana fiaranao ampiharo izao!
spam,Ity tolotra indray mandeha ity dia ho tapitra aza adino!
spam,Ianao no mpandresy tamin'ny fisarihana loka $!
spam,Tsindrio eto mba hitakiana ny valisoa manokana anananao!
spam,Mahazoa karama hiantsena an-tserasera misoratra anarana maimaim-poana!
spam,Miandry ny fanomezanao maimaim-poana angataho izao!
spam,Fifanarahana manokana: fihenam-bidy % amin'ny entana rehetra!
spam,Mamaha ny atiny manokana amin'ny fipihana eto!
spam,Mendrika hahazo famerenam-bola manokana ianao ampiharo izao!
spam,Miandry ny fankatoavana ny fampindramam-bola anao farano anio
spam,Arahabaina! Nahazo solosaina finday vaovao ianao
spam,Tsindrio mba hahazoanao fihenam-bidy manokana
spam,Arovy ny maha-izy anao amin'ny serivisy maimaim-poana
spam,Nahazo karatra fanomezana maimaim-poana ianao angataho anio!
spam,Bonus manokana: Mahazoa isa valisoa  amin'ny fisoratana anarana!
spam,Fampandrenesana farany: Haato ny kaontinao raha tsy mihetsika izao ianao
spam,Nofantenana kisendrasendra handray anjara amin'ny fanadihadianay ianao
spam,Mahazoa fihenam-bidy % amin'ny rindrambaiko premium tolotra fotoana voafetra!
spam,Manana loka tsy voaloa ianao aza adino!
spam,Havaozina ho premium maimaim-poana tolotra voafetra!
spam,Efa tara ny fandoavanao kitiho eto raha hamaha
